id,first_name,last_name
1,Jessey,Watkiss
2,Griswold,Woltman
3,Jerrold,Avrahamian
4,Ariel,Maxted
5,Morlee,Baitson
6,Whitaker,Saundercock
7,Hernando,Cullrford
8,Stefanie,Hands
9,Ivan,Buffin
10,Nicolea,Duce
11,Sada,Whales
12,Jewel,Alenichicov
13,Robinson,Aldrick
14,Saundra,Deely
15,Jessi,Biggen
16,Elset,Capaldo
17,Davida,Wytchard
18,Bruce,Linkie
19,Ashby,Atherton
20,Dulci,Callingham
21,Carlynn,Treslove
22,Weston,Pepye
23,Ginelle,Challenor
24,Gennifer,Caldaro
25,Kore,Jaze
26,Appolonia,Feavers
27,Frasco,Parks
28,Shoshana,Bowker
29,Ivonne,Ewence
30,Almeda,Galier
31,Dodi,Witch
32,Calv,Nutley
33,Wayne,Purtell
34,Sadie,Ashling
35,Saxe,Creevy
36,Juliana,Paoletto
37,Sandy,Pote
38,Wilona,Manchester
39,Jacquenetta,Suatt
40,Carolyne,Retallick
41,Susann,Domsalla
42,Jaye,Wiggam
43,Vinny,Truitt
44,Helen,Mirams
45,Toddie,Georgiades
46,Boonie,Coldtart
47,Vincenz,Allain
48,Nicky,Dobell
49,Angelle,Spafford
50,Levin,Gillean
51,Portie,Akhurst
52,Felicity,Knowlys
53,Conrade,Di Francesco
54,Frasier,Baptie
55,Herta,Varndell
56,Adelle,Lambourn
57,Marthena,Marshfield
58,Tabor,Raoul
59,Noni,Ismead
60,Giorgi,O'Leary
61,Ware,Reeveley
62,Ramona,Moneti
63,Tallia,Megarrell
64,Pippy,Queste
65,Ninon,Rummery
66,Maddie,Tegler
67,Skylar,Sacher
68,Mada,Pepye
69,Inigo,Mutton
70,Lisa,Syfax
71,Datha,Ege
72,Jourdain,Maffey
73,Jobyna,Scaplehorn
74,Armando,Gardener
75,Lindsay,Caunter
76,Nancee,Arlett
77,Kristian,Althorp
78,Dave,Wharram
79,Doy,Hesbrook
80,Noami,Shuard
81,Felicle,Mannix
82,Orly,Noe
83,Barrett,Tremathick
84,Janos,Luthwood
85,Gale,Tomaskunas
86,Durante,Chesher
87,Jill,Causer
88,Phaedra,Tulloch
89,Gladi,Beazer
90,Teador,Paulack
91,Stephan,Josephson
92,Colin,Stoven
93,Franni,Ham
94,Aeriell,Trusty
95,Jarrid,Gallagher
96,Danella,Rouch
97,Ethyl,Mullis
98,Iver,Brodley
99,Gabriel,Sugars
100,Rodrick,Croughan
101,Erik,Vedenisov
102,Hertha,MacNab
103,Rheba,Greenard
104,Kiley,Selway
105,Jolyn,McBay
106,Beverlee,Tollett
107,Adriena,Rogge
108,Dylan,Messenger
109,Almeria,MacKniely
110,Arline,Mc Dermid
111,Davine,Klimuk
112,Ailee,Gilphillan
113,Jefferson,Drowsfield
114,Bette-ann,Andrysiak
115,Mickie,Learmont
116,Lesly,Curedell
117,Lief,Pragnall
118,Ardenia,Du Hamel
119,Delinda,Bellay
120,Meagan,Wiltshaw
121,Nedi,Vedekhov
122,Carolee,Temporal
123,Melamie,Grzeskowski
124,Sianna,Chipps
125,Chevalier,Labern
126,Lucretia,Sponder
127,Lemar,Mouth
128,Rayner,Bulteel
129,Michale,Brader
130,Becky,De Brett
131,Bobbie,Duer
132,Brier,Heinreich
133,Lucas,Chrichton
134,Rutledge,Smith
135,Irv,Kleiser
136,Clayborne,Ovell
137,Ashby,Pritchitt
138,Jan,Giacomello
139,Rolph,Grinsdale
140,Renell,Bartkiewicz
141,Rebecca,Salvador
142,Che,Keher
143,Flore,Warr
144,Cleveland,Jillis
145,Obidiah,Hemms
146,Keri,Kulas
147,Randi,Muehler
148,Madison,Hagergham
149,Cesar,Pim
150,Stacie,Vawton
151,Celinda,Kingsman
152,Gwendolen,Brader
153,Gael,Novkovic
154,Helenelizabeth,Cayford
155,Rosana,Pocklington
156,Sofia,Trueman
157,Von,Sasser
158,Morie,Brandts
159,Dorothea,Maydway
160,Barbabas,Hargess
161,Zora,Chishull
162,Eddie,Dobbie
163,Siobhan,Fellow
164,Di,Formie
165,Esmaria,Coburn
166,Bidget,Ambroisin
167,Virgie,Mowsdale
168,Lutero,Dellenbroker
169,Sisile,Mikalski
170,Julianna,Carnegie
171,Grannie,Herrieven
172,Ariella,Trulock
173,Francene,Gorgen
174,Fenelia,Leuchars
175,Dru,Jiles
176,Isaak,Rubens
177,Janeva,Ferenczi
178,Koenraad,Woodwin
179,Kamila,Leckenby
180,Yardley,MacMaykin
181,Zachariah,Risman
182,Mead,Fanshaw
183,Cordula,Ianizzi
184,Nanci,Gason
185,Hobard,Hassard
186,Sydney,Bugby
187,Tina,Marr
188,Brooks,Corran
189,Edward,McCrie
190,Golda,Pates
191,Diann,Vedyasov
192,Lilli,Itzakson
193,Erminie,Stonard
194,Tobe,Ogers
195,Chiquia,Avieson
196,Eb,Inkpin
197,Gaye,MacCleod
198,Eliot,Robotham
199,Lilia,Faireclough
200,Norean,Kinsley
201,Mariellen,Pashba
202,Augy,Noone
203,Maegan,Billison
204,Xerxes,Stormouth
205,Aloisia,Louden
206,Sigfried,Shorthill
207,Dallas,Paskerful
208,Ellswerth,Yushkov
209,Aurlie,Jowsey
210,Bailey,Naylor
211,Aylmer,Sutter
212,Ollie,Haydock
213,Loleta,Bickerdike
214,Julio,Arnaldy
215,Morganica,Adamowitz
216,Genna,Pantridge
217,Abraham,Seamarke
218,Conrad,Rohmer
219,Craggie,Snibson
220,Shani,Tuminelli
221,Katleen,Tissell
222,Noak,Plumstead
223,Michele,Dupre
224,Joshuah,Fusco
225,Penn,Korn
226,Etty,Sizzey
227,Veriee,Dounbare
228,Marleen,Neward
229,Leodora,Elliot
230,Zedekiah,MacKerley
231,Karalee,Perritt
232,Algernon,Maypes
233,Erma,Love
234,Kennith,Bevan
235,Tate,Nannetti
236,Dominga,Maleney
237,Edythe,Pendrich
238,Albie,McIlroy
239,Woody,Huison
240,Gale,Harty
241,Phillis,Fairrie
242,Noelyn,Lomath
243,Nina,Taks
244,Ceciley,Monnelly
245,Reynolds,Schirak
246,Etta,Ivanchenkov
247,Otho,Halford
248,Kirstyn,Banaszewski
249,Dorry,Bollini
250,Nissy,Orrin
251,Margaretta,Jermey
252,Chevy,Fenich
253,Gallagher,Crudginton
254,Taddeusz,Gummery
255,Eugenia,Manderson
256,Harriett,Yerill
257,Lolly,Fortie
258,Honor,Sorey
259,Tadio,Stancliffe
260,Georgina,Threlfall
261,Bobina,Parnby
262,Silva,Paybody
263,Odey,Cleugher
264,Patrice,Huddart
265,Krispin,Roxbrough
266,Willem,Scorthorne
267,Ethelbert,Aronow
268,Liuka,Bengoechea
269,Benjamin,Espino
270,Conroy,Pendergrast
271,Griffy,Snazel
272,Serene,Grouvel
273,Darsey,Orrin
274,Karlyn,Sutherden
275,Aeriela,Bloxsome
276,Pauly,Kingaby
277,Nichole,Michallat
278,Valina,Warin
279,Honey,Skillings
280,Chicky,Schulz
281,Matthus,McPartlin
282,Phillis,Pooke
283,Blane,Pervoe
284,Levy,Alekhov
285,Trstram,Shoulder
286,Mathian,Onthank
287,Debera,Loxdale
288,Shepperd,Brackenridge
289,Udall,Squibbes
290,Boycie,Bubbings
291,Kristo,Ciotto
292,Lily,Clutheram
293,Sky,Hollingshead
294,Florinda,Lehr
295,Roi,Sturr
296,Krispin,McGorman
297,Lamont,Judron
298,Tirrell,Knappen
299,Lauralee,McAllan
300,Harman,Holdworth
301,Ki,Berwick
302,Torey,Wimbury
303,Bradly,Wolsey
304,Dolly,Glyde
305,Maynard,Anderl
306,Emilie,Skinner
307,Cortie,Freiburger
308,Kelcey,Pershouse
309,Marley,Kesterton
310,Helenelizabeth,Bricham
311,Jerri,Basek
312,Brier,Golborn
313,Mitchell,Ruddle
314,Bartolomeo,Noe
315,Johannah,Karlsen
316,Morlee,Saggs
317,Evania,Kilgallon
318,Kym,Gradly
319,Westbrook,Mattersley
320,Deedee,Kift
321,Rolf,Crick
322,Perle,Gilli
323,Mose,Aliberti
324,Marne,Newdick
325,Jenn,Skynner
326,Allin,Whitbread
327,Tomasina,Cremin
328,Sanson,Ramsbottom
329,Barry,Pariss
330,Lowe,Blackham
331,Ellis,Skipsey
332,Fons,Dupey
333,Vladamir,Grindley
334,Flori,Furneaux
335,Myrah,Eldrid
336,Davin,Hocking
337,Normie,Commander
338,Richie,Daveren
339,Ophelie,Vain
340,Mar,Harwell
341,Martynne,Malloy
342,Tillie,Cleft
343,Malachi,Truelove
344,Arabelle,Overal
345,Nataline,Gaveltone
346,Pail,Zappel
347,Damiano,Vala
348,Rik,Fitkin
349,Nellie,Haisell
350,Ephrem,Ambrosio
351,Dun,Damrel
352,Augustine,Baumadier
353,Lutero,Aireton
354,Lambert,Guite
355,Gordie,Tunnah
356,Germain,Orhrt
357,Dotty,Lown
358,Sophey,Hartzenberg
359,Ricky,Dudeney
360,Ozzie,Dufore
361,Bennett,Lavalle
362,Tabb,Vautin
363,Jarret,Fittis
364,Ellsworth,De Matteis
365,Allen,Stoffers
366,Malorie,Favey
367,Sonnie,Corwin
368,Saraann,Christoffersen
369,Mic,Bewley
370,Lanae,Boughtflower
371,Jock,Foskew
372,Natalya,Hannen
373,Eleonora,Bollin
374,Lincoln,Ximenez
375,Delano,Stores
376,Robb,Arnott
377,Gaye,Bulcock
378,Russ,Pieche
379,Jeanelle,Winchester
380,Daisy,Di Carlo
381,Stefan,Leppo
382,Murray,Raddenbury
383,Anatol,Skellion
384,Shepherd,Poley
385,Vanya,Horstead
386,Mattie,De Laci
387,Therine,Headon
388,Terence,Plaid
389,Rudolph,Docker
390,Aldric,Leveridge
391,Timmie,Snell
392,Cheryl,Bauer
393,Vally,Rawe
394,Desmund,Agius
395,Mella,Scyone
396,Kara,Assad
397,Eve,Scudders
398,Lola,Loughman
399,Nonah,Bisseker
400,Honey,O'Scandall
401,Jon,Lyte
402,Cristal,Curee
403,Alfy,Baythorp
404,Cristen,Schwanden
405,Odessa,Aspinwall
406,Kippy,Gildroy
407,Deny,Coltman
408,Cecile,Dilleston
409,Ewell,Hatwells
410,Egbert,Kitchinghan
411,Lanette,Slyde
412,Blair,Klimp
413,Carol-jean,Marfe
414,Ced,Search
415,Romola,Breitler
416,Bayard,Leeman
417,Bartolomeo,Tenny
418,Ethelda,Dodshon
419,Jean,Daughton
420,Randie,Wells
421,Francesco,Gippes
422,Mord,Scamwell
423,Luise,Poulglais
424,Reg,Houndesome
425,Curran,Kestin
426,Husain,Jimmes
427,Granville,Clubb
428,Pauli,Rorke
429,Jeddy,McGragh
430,De witt,Heibel
431,Gillian,Febry
432,Lonnie,Jozefiak
433,Cullie,Pendered
434,Jaclin,Gehring
435,Margareta,Cosgrove
436,Duncan,Vallens
437,Quintana,Ankrett
438,Gian,Yusupov
439,Hercules,Moorman
440,Lebbie,Ride
441,Jon,Peachman
442,Maura,Walbrun
443,Oriana,Kalderon
444,Zane,Merner
445,Terrill,Redwall
446,Layton,Gell
447,Kim,Franks
448,Morie,Tatton
449,Samantha,Francescotti
450,Casandra,Hembling
451,Kalina,Franklyn
452,Danna,Edes
453,Silvester,Gillum
454,Angel,Falkus
455,Charmane,Nicolson
456,Baillie,Pascho
457,Faun,Hessing
458,Luther,Rizzotto
459,Lionello,Kinnock
460,Kermy,Nottingham
461,Isa,Earpe
462,Averil,Maylam
463,Patty,Pirt
464,Lark,A'field
465,Starlin,Staddart
466,Birgitta,Gomersal
467,Britt,Fronzek
468,Robinson,Banishevitz
469,Cristian,Burkett
470,Jennee,Boynton
471,Archibald,Menguy
472,Madella,Shelmerdine
473,Karena,Raymond
474,Hamilton,Cranmere
475,Venus,Molohan
476,Corty,Jacobbe
477,Aleta,Hoggetts
478,Clay,Gisburne
479,Dani,Cormack
480,Angelica,Pimblott
481,Christoper,Tolman
482,Elmo,Zecchii
483,Stanley,Salvadore
484,Caresa,Chritchlow
485,Welbie,Sollner
486,Aylmer,Seydlitz
487,Skylar,Melland
488,Jessika,Loutheane
489,Ardyth,Armiger
490,Deanna,Vine
491,Amalee,Akam
492,Claude,Van den Dael
493,Gertrudis,Danbye
494,Carleen,Saldler
495,Herrick,Boichat
496,Jarrett,Baden
497,Tod,Elloit
498,Jessie,Jentzsch
499,Ancell,Bore
500,Elwira,Ixor
